symbol,timestamp,open,high,low,close,volume,trade_count,vwap,ema,label
NVDA,2023-11-20 05:00:00+00:00,493.12,505.48,491.8101,504.09,41639206,662462,499.515867,,1
NVDA,2023-11-21 05:00:00+00:00,501.26,505.17,492.22,499.44,56745863,858569,498.400949,,2
NVDA,2023-11-22 05:00:00+00:00,498.52,503.3494,476.9,487.16,90080351,1231299,487.474841,,2
NVDA,2023-11-24 05:00:00+00:00,484.7001,489.21,477.45,477.76,29464465,450796,481.608444,,1
NVDA,2023-11-27 05:00:00+00:00,478,485.3,476.52,482.42,39576048,551939,481.908906,,1
NVDA,2023-11-28 05:00:00+00:00,482.36,483.229,474.73,478.21,40157780,567709,478.137583,,1
NVDA,2023-11-29 05:00:00+00:00,483.79,487.62,478.6,481.4,38207198,491845,482.631669,,2
NVDA,2023-11-30 05:00:00+00:00,480.24,481.1,464.22,467.7,52636791,678031,469.353148,,1
NVDA,2023-12-01 05:00:00+00:00,465.25,472,461.87,467.65,36931703,537779,467.531035,,2
NVDA,2023-12-04 05:00:00+00:00,460.77,460.77,450.1,455.1,43768195,690329,454.218687,480.093,1
NVDA,2023-12-05 05:00:00+00:00,454.66,466,452.71,465.66,37193879,546821,461.592557,477.46881818181816,2
NVDA,2023-12-06 05:00:00+00:00,472.145,473.87,454.12,455.03,38077359,545495,462.445741,473.3890330578512,1
NVDA,2023-12-07 05:00:00+00:00,457,466.29,456.04,465.96,35096168,471206,462.647656,472.0382997746056,1
NVDA,2023-12-08 05:00:00+00:00,465.95,477.4085,465.5,475.06,35922370,516810,474.099774,472.5876998155864,1
NVDA,2023-12-11 05:00:00+00:00,474.91,475.31,458.3,466.27,50983756,700296,465.141151,471.4390271218433,1
NVDA,2023-12-12 05:00:00+00:00,460.46,476.66,460.46,476.57,37246102,509046,471.489809,472.3719312815082,1
NVDA,2023-12-13 05:00:00+00:00,476.29,485.94,476.08,480.88,44780275,575077,481.935865,473.9188528666885,1
NVDA,2023-12-14 05:00:00+00:00,483.9,486.7,474.22,483.5,39132451,557483,481.183683,475.6608796181996,0
NVDA,2023-12-15 05:00:00+00:00,481.94,494.04,481.2,488.9,47994758,562042,489.389394,478.0679924148905,0
NVDA,2023-12-18 05:00:00+00:00,494,504.3299,491.5,500.77,41271269,623417,498.999075,482.19563015763765,1
NVDA,2023-12-19 05:00:00+00:00,494.24,497,488.95,496.04,46449269,641091,493.152247,484.7127883107944,1
NVDA,2023-12-20 05:00:00+00:00,496.55,499.99,480.98,481.11,39810215,549515,491.868792,484.0577359,1
NVDA,2023-12-21 05:00:00+00:00,488.11,490.95,484.19,489.9,30050595,430775,487.389554,485.1199657287136,1
NVDA,2023-12-22 05:00:00+00:00,491.95,493.83,484.67,488.3,25250676,383378,489.769641,485.6981537780383,1
NVDA,2023-12-26 05:00:00+00:00,489.68,496,489.6,492.79,24422298,353363,493.672295,486.98758036384953,1
NVDA,2023-12-27 05:00:00+00:00,495.11,496.8,490.85,494.17,23369993,337162,493.566589,488.2934748431496,1
NVDA,2023-12-28 05:00:00+00:00,496.43,498.8399,494.12,495.22,24660983,371424,496.419755,489.5528430534861,1
NVDA,2023-12-29 05:00:00+00:00,498.13,499.97,487.51,495.22,38929371,520970,495.195597,490.58323522557953,1
NVDA,2024-01-02 05:00:00+00:00,492.44,492.95,475.95,481.68,41133111,680390,480.482282,488.9644652,2
NVDA,2024-01-03 05:00:00+00:00,474.85,481.841,473.2,475.69,32097119,493660,476.744133,486.5509260600986,1
NVDA,2024-01-04 05:00:00+00:00,477.67,485,475.08,479.98,30662544,455046,480.95109,485.35621223098974,1
NVDA,2024-01-05 05:00:00+00:00,484.62,495.47,483.0601,490.97,41503927,556258,490.354366,486.3769009162643,0
NVDA,2024-01-08 05:00:00+00:00,495.12,522.75,494.79,522.53,64308094,948229,513.352222,492.9501916587616,0
NVDA,2024-01-09 05:00:00+00:00,524.01,543.25,516.9,531.4,77334975,1006357,531.448511,499.9410659026231,0
NVDA,2024-01-10 05:00:00+00:00,536.16,546,534.89,543.5,53394953,752227,541.765545,507.8608721021461,1
NVDA,2024-01-11 05:00:00+00:00,549.99,553.46,535.6,548.22,59697401,814847,545.868626,515.1988953563014,1
NVDA,2024-01-12 05:00:00+00:00,546.2,549.7,543.3008,547.1,35299360,487145,546.736455,520.9990962006102,0
NVDA,2024-01-16 05:00:00+00:00,550.18,568.3499,549,563.82,44977776,687465,561.354164,528.7847150732265,1
NVDA,2024-01-17 05:00:00+00:00,563.47,564.7068,547.4,560.53,47448801,665948,556.550245,534.5565850599125,0
NVDA,2024-01-18 05:00:00+00:00,572.6,576,561.07,571.07,49183974,722524,570.667641,541.1953878,0
NVDA,2024-01-19 05:00:00+00:00,579.89,595,572.25,594.91,54350148,807789,585.40252,550.9616809078752,1
NVDA,2024-01-22 05:00:00+00:00,600.49,603.31,590.7,596.54,45302505,747100,597.724895,559.2486480155343,1
NVDA,2024-01-23 05:00:00+00:00,595.7,599.1,585.85,598.73,29500088,507343,594.585376,566.4270756490735,0
NVDA,2024-01-24 05:00:00+00:00,603.04,628.49,599.38,613.62,56047531,880836,617.44309,575.0076073492419,1
NVDA,2024-01-25 05:00:00+00:00,623.5,627.19,608.5,616.17,48378949,775490,619.245556,582.4916787402888,1
NVDA,2024-01-26 05:00:00+00:00,609.6,617.83,605.73,610.31,39030859,606912,611.602505,587.5495553329635,0
NVDA,2024-01-29 05:00:00+00:00,612.32,624.89,609.07,624.65,34873108,565950,617.871653,594.2950907269701,1
NVDA,2024-01-30 05:00:00+00:00,629,634.93,622.6,627.74,41073530,660019,629.022128,600.3759833220664,1
NVDA,2024-01-31 05:00:00+00:00,614.4,622.6902,607,615.27,45379487,701640,615.154719,603.0839863544179,0
NVDA,2024-02-01 05:00:00+00:00,621,631.91,616.5,630.27,36914579,599646,624.246432,608.0268979263419,0
NVDA,2024-02-02 05:00:00+00:00,639.74,666,636.9,661.6,47657765,813526,656.296357,617.7674619397343,0
NVDA,2024-02-05 05:00:00+00:00,682.25,694.97,672.05,693.32,68007801,1160230,686.559356,631.5042870416008,1
NVDA,2024-02-06 05:00:00+00:00,696.3,697.5399,663,682.23,68311136,1223707,677.572635,640.7271439431279,0
NVDA,2024-02-07 05:00:00+00:00,683.19,702.2,676,700.99,49557455,839834,692.525176,651.6840268625592,1
NVDA,2024-02-08 05:00:00+00:00,700.74,707.94,694.55,696.41,41442211,717947,701.173846,659.8160219784575,0
NVDA,2024-02-09 05:00:00+00:00,705.33,721.85,702.12,721.33,43665939,773568,714.88847,671.0003816187378,1
NVDA,2024-02-12 05:00:00+00:00,726,746.11,712.5,722.48,61371018,1078959,728.909946,680.3603122335128,1
NVDA,2024-02-13 05:00:00+00:00,704,734.5,696.2,721.28,60258015,1062434,720.055097,687.8002554637832,0
NVDA,2024-02-14 05:00:00+00:00,732.02,742.36,719.38,739,50491742,854412,732.36579,697.1092999249134,1
NVDA,2024-02-15 05:00:00+00:00,738.69,739.75,724,726.58,42012181,806555,730.073443,702.4676090294746,1
NVDA,2024-02-16 05:00:00+00:00,741,744.02,725.01,726.13,49532662,898213,734.368236,706.7698619332065,1
NVDA,2024-02-20 05:00:00+00:00,719.47,719.56,677.34,694.52,70483310,1568244,689.936897,704.5426143,2
NVDA,2024-02-21 05:00:00+00:00,680.06,688.88,662.48,674.72,69029813,1617873,674.992204,699.1203207982621,1
NVDA,2024-02-22 05:00:00+00:00,750.25,785.75,742.2,785.38,86509974,1827501,773.43754,714.8038988349417,1
NVDA,2024-02-23 05:00:00+00:00,807.9,823.94,775.7,788.17,82939277,1644222,799.076172,728.1431899558613,1
NVDA,2024-02-26 05:00:00+00:00,797,806.4599,785.05,790.92,50396923,975739,795.768896,739.5571554184319,1
NVDA,2024-02-27 05:00:00+00:00,793.81,794.8,771.62,787.01,39171224,758325,787.611785,748.1849453423533,1
NVDA,2024-02-28 05:00:00+00:00,776.2,789.33,771.25,776.63,39311040,737984,779.623401,753.3567734619254,0
NVDA,2024-02-29 05:00:00+00:00,790.94,799.9,783.5,791.12,50728898,764736,792.848305,760.2228146506662,0
NVDA,2024-03-01 05:00:00+00:00,800,823,794.3503,822.79,47913510,975905,813.731888,771.5986665323633,0
NVDA,2024-03-04 05:00:00+00:00,841.3,876.95,837.19,852.37,61561645,1323065,857.790773,786.2843635,1
NVDA,2024-03-05 05:00:00+00:00,852.7,860.97,834.1701,859.64,52063930,1036771,849.446616,799.6217519762099,0
NVDA,2024-03-06 05:00:00+00:00,880.22,897.24,870.3001,887,58252030,1116153,884.863021,815.5087061623535,0
NVDA,2024-03-07 05:00:00+00:00,901.58,927.67,896.0201,926.69,60811916,1256063,916.061586,835.7234868601074,1
NVDA,2024-03-08 05:00:00+00:00,951.379,974,865.06,875.28,114226906,2561403,910.834245,842.9155801582697,1
NVDA,2024-03-11 04:00:00+00:00,864.29,887.97,841.66,857.74,67836412,1494061,866.337312,845.6109292204025,0
NVDA,2024-03-12 04:00:00+00:00,880.49,919.6,861.501,919.13,66807515,1336881,897.01731,858.978033,1
NVDA,2024-03-13 04:00:00+00:00,910.55,915.04,884.35,908.88,63571289,1295442,898.588036,868.0511179078726,1
NVDA,2024-03-14 04:00:00+00:00,895.77,906.46,866,879.44,60231816,1249654,880.515703,870.1218237428047,1
NVDA,2024-03-15 04:00:00+00:00,869.3,895.46,862.57,878.365,64208616,1031106,882.333234,871.6205830622948,1
NVDA,2024-03-18 04:00:00+00:00,903.88,924.05,870.85,884.55,66897593,1373021,893.837912,873.9713861418775,0
NVDA,2024-03-19 04:00:00+00:00,867,905.44,850.1,893.98,67217127,1372136,878.901875,877.6093159342633,0
NVDA,2024-03-20 04:00:00+00:00,897.97,904.1,882.23,903.72,47906279,952627,893.404155,882.3567130371246,0
NVDA,2024-03-21 04:00:00+00:00,923,926.48,904.05,914.35,48037231,1005134,916.30033,888.1736743031018,0
NVDA,2024-03-22 04:00:00+00:00,911.41,947.7799,908.3401,942.89,58671936,1161164,935.36487,898.1220971570833,1
NVDA,2024-03-25 04:00:00+00:00,939.41,967.6599,935.1,950.02,55213608,1113330,955.126917,907.5580794921592,1
NVDA,2024-03-26 04:00:00+00:00,958.51,963.75,925.02,925.61,51364758,984594,944.816883,910.8402469,1
NVDA,2024-03-27 04:00:00+00:00,931.12,932.4,891.23,902.5,58606723,1189235,902.781299,909.3238383377262,1
NVDA,2024-03-28 04:00:00+00:00,900,913,891.93,903.56,43521227,771056,905.126391,908.2758677308668,1
NVDA,2024-04-01 04:00:00+00:00,902.99,922.25,892.04,903.63,45244149,872235,905.176507,907.4311645070728,2
NVDA,2024-04-02 04:00:00+00:00,884.48,900.94,876.2,894.52,43306355,838080,889.599867,905.0836800512412,1
NVDA,2024-04-03 04:00:00+00:00,884.84,903.74,884,889.64,37006655,698937,895.719845,902.2757382237428,2
NVDA,2024-04-04 04:00:00+00:00,904.06,906.3399,858.8,859.05,43496492,892810,883.932198,894.4165130921531,1
NVDA,2024-04-05 04:00:00+00:00,868.66,884.81,859.26,880.08,39967846,788317,876.158547,891.8098743481252,1
NVDA,2024-04-08 04:00:00+00:00,887,888.3,867.32,871.33,28322000,643890,874.063093,888.0862608302841,2
NVDA,2024-04-09 04:00:00+00:00,874.42,876.35,830.22,853.54,50354735,1086603,848.039002,881.8051224975052,1
NVDA,2024-04-10 04:00:00+00:00,839.26,874,837.09,870.39,43206293,869833,864.785898,879.7296456797769,1
NVDA,2024-04-11 04:00:00+00:00,874.2,907.3899,869.26,906.16,43163727,893266,891.307951,884.5351646470901,1
NVDA,2024-04-12 04:00:00+00:00,896.99,901.7499,875.3,881.86,42578434,840210,887.236816,884.0487710748919,2
NVDA,2024-04-15 04:00:00+00:00,890.98,906.13,859.2901,860.01,44307695,924636,881.375522,879.6780854249115,1
NVDA,2024-04-16 04:00:00+00:00,864.325,881.18,860.639,874.15,37045302,718364,872.868968,878.6729789840185,2
NVDA,2024-04-17 04:00:00+00:00,883.4,887.75,839.5,840.35,49539951,973568,856.663372,871.7051646232878,1
NVDA,2024-04-18 04:00:00+00:00,849.7,861.8999,824.02,846.71,44726034,837609,847.73986,867.1605892372355,2
NVDA,2024-04-19 04:00:00+00:00,831.5,843.24,756.06,762,87519800,1766352,796.427662,848.0404821031927,1
NVDA,2024-04-22 04:00:00+00:00,781.04,800.73,764,795.18,59628751,1227187,786.685194,838.4294853571575,1
NVDA,2024-04-23 04:00:00+00:00,807.69,827.69,802.64,824.23,43855937,868370,819.400522,835.8477607467652,2
NVDA,2024-04-24 04:00:00+00:00,839.5,840.82,791.83,796.77,51220753,1011396,813.402416,828.7427133382623,1
NVDA,2024-04-25 04:00:00+00:00,788.6801,833.2299,782.23,826.32,42464073,877533,817.445692,828.3022200040327,1
NVDA,2024-04-26 04:00:00+00:00,838.18,883.3093,833.87,877.35,55106478,1062174,866.674022,837.2199981851177,1
NVDA,2024-04-29 04:00:00+00:00,875.95,879.92,852.66,877.57,38897076,766266,870.227232,844.5563621514598,1
NVDA,2024-04-30 04:00:00+00:00,872.4,888.19,863,864.02,36370870,711698,873.184751,848.0952053966489,1
NVDA,2024-05-01 04:00:00+00:00,850.77,860,812.5456,830.41,55986317,1087885,835.241817,844.8797135,1
NVDA,2024-05-02 04:00:00+00:00,844.49,862.37,832,858.17,37789754,693554,849.656637,847.2961292324674,0
NVDA,2024-05-03 04:00:00+00:00,877.89,892.81,870.4,887.89,39834072,785566,883.897355,854.6768330083823,0
NVDA,2024-05-06 04:00:00+00:00,893.9,922.2,890.55,921.4,37620255,834439,913.945335,866.8083179159491,1
NVDA,2024-05-07 04:00:00+00:00,910.98,917.8099,890.11,905.54,43734161,835435,905.599248,873.8504419312311,1
NVDA,2024-05-08 04:00:00+00:00,894.825,911.94,894.2,904.12,32572102,621213,903.285384,879.3539979437345,1
NVDA,2024-05-09 04:00:00+00:00,905.29,910.72,882.31,887.47,37801268,715057,890.776029,880.8296346812373,0
NVDA,2024-05-10 04:00:00+00:00,903.045,914.01,892.27,898.78,33532541,677374,900.613719,884.0933374664668,1
NVDA,2024-05-13 04:00:00+00:00,904.78,909.98,885.29,903.99,28968017,623995,901.109542,887.7109124725637,0
NVDA,2024-05-14 04:00:00+00:00,895.99,916.51,889.34,913.56,29650708,617287,907.089948,892.4107465684611,0
NVDA,2024-05-15 04:00:00+00:00,924.72,948.62,915.99,946.3,41773545,909024,939.332586,902.2087926469228,1
NVDA,2024-05-16 04:00:00+00:00,949.1,958.1899,941.03,943.59,32395182,690246,949.503808,909.7326485293004,1
NVDA,2024-05-17 04:00:00+00:00,943.69,947.4,918.06,924.79,35989353,713922,931.682735,912.4703487967004,0
NVDA,2024-05-20 04:00:00+00:00,937.5,952,934.4,947.8,31876446,724694,946.954575,918.8939217427546,1
NVDA,2024-05-21 04:00:00+00:00,935.99,954,931.8,953.86,32894646,737743,945.536008,925.2513905167992,1
NVDA,2024-05-22 04:00:00+00:00,954.59,960.2,932.49,949.5,54865849,1385471,945.670615,929.6602286046538,0
NVDA,2024-05-23 04:00:00+00:00,1020.28,1063.2,1015.2,1037.99,83506528,2016780,1039.246561,949.3565506765348,0
NVDA,2024-05-24 04:00:00+00:00,1044.49,1064.75,1030,1064.69,42952427,992150,1048.721038,970.3262687353468,0
NVDA,2024-05-28 04:00:00+00:00,1102.44,1149.39,1098.83,1139.01,65272789,1706147,1126.828894,1000.9960380561928,1
NVDA,2024-05-29 04:00:00+00:00,1130.5,1154.92,1109.01,1148.25,55738113,1361445,1139.047596,1027.7694856823396,1
NVDA,2024-05-30 04:00:00+00:00,1146.5,1158.1915,1096.63,1105,48785033,1251362,1132.082287,1041.8113973764596,1
NVDA,2024-05-31 04:00:00+00:00,1125.2,1127.17,1069.4,1096.33,61326250,1294733,1094.799777,1051.7238705807397,0
NVDA,2024-06-03 04:00:00+00:00,1136.21,1150,1120.03,1150,43839176,1187574,1136.84644,1069.5922577478775,0
NVDA,2024-06-04 04:00:00+00:00,1157.16,1166,1140.45,1164.37,40332401,1056061,1153.147904,1086.8245745209908,0
NVDA,2024-06-05 04:00:00+00:00,1183.71,1224.495,1174.68,1224.4,52840178,1410118,1204.27566,1111.838288244447,1
NVDA,2024-06-06 04:00:00+00:00,1240.48,1255.87,1183.2,1209.98,66469619,1912084,1209.840187,1129.6822358363656,1
NVDA,2024-06-07 04:00:00+00:00,1197.7,1216.9171,1180.22,1208.88,41238580,1119491,1200.53606,1144.0818293206628,1
NVDA,2024-06-10 04:00:00+00:00,120.37,195.95,117.01,121.79,314162666,2798766,121.141317,958.2105876259968,1
NVDA,2024-06-11 04:00:00+00:00,121.77,122.87,118.74,120.91,222551158,1805422,120.809809,805.9741171485427,1
NVDA,2024-06-12 04:00:00+00:00,123.06,126.88,122.57,125.2,299595001,2024530,125.255691,682.1970049397167,1
NVDA,2024-06-13 04:00:00+00:00,129.39,129.8,127.16,129.61,260704537,1895034,128.824971,581.7266404052228,1
NVDA,2024-06-14 04:00:00+00:00,129.96,132.84,128.32,131.88,309320376,2139338,131.229466,499.93634214972775,1
NVDA,2024-06-17 04:00:00+00:00,132.99,133.73,129.58,130.98,288504444,2129586,131.68857,432.8533708497772,1
NVDA,2024-06-18 04:00:00+00:00,131.14,136.33,130.69,135.58,294335054,2094327,134.335339,378.80366705890856,2
NVDA,2024-06-20 04:00:00+00:00,139.8,140.76,129.52,130.78,517768425,4054160,134.930597,333.70845486637967,2
NVDA,2024-06-21 04:00:00+00:00,127.12,130.63,124.3,126.57,655484664,3275090,126.998057,296.0469176,2
NVDA,2024-06-24 04:00:00+00:00,123.24,124.46,118.04,118.11,476060866,3695132,120.415972,263.69475077832027,1
NVDA,2024-06-25 04:00:00+00:00,121.2,126.5,119.32,126.09,425787456,2612448,123.691199,238.6757052,1
NVDA,2024-06-26 04:00:00+00:00,126.13,128.12,122.6,126.4,362975918,2344732,124.920025,218.2619406036689,2
NVDA,2024-06-27 04:00:00+00:00,124.1,126.41,122.92,123.99,252571693,1568643,124.276153,201.12158776663816,1
NVDA,2024-06-28 04:00:00+00:00,124.58,127.71,122.75,123.54,315070807,1763471,124.833696,187.0158445363403,1
NVDA,2024-07-01 04:00:00+00:00,123.47,124.84,118.83,124.3,284885534,1916767,122.682568,175.61296371155117,2
NVDA,2024-07-02 04:00:00+00:00,121.13,123.41,121.03,122.67,218373969,1485578,122.253548,165.98697030945092,1
NVDA,2024-07-03 04:00:00+00:00,121.66,128.28,121.36,128.28,215748955,1539314,125.247746,159.13115752591438,2
NVDA,2024-07-05 04:00:00+00:00,127.38,128.85,125.68,125.83,214176689,1599103,127.029429,153.07640161211174,1
NVDA,2024-07-08 04:00:00+00:00,127.49,130.77,127.04,128.2,237677322,1727969,128.659791,148.55341950081868,1
NVDA,2024-07-09 04:00:00+00:00,130.35,133.82,128.65,131.38,287020820,1935856,131.405646,145.4309795915789,1
NVDA,2024-07-10 04:00:00+00:00,134.03,135.1,132.42,134.91,248978569,1721405,134.200559,143.5180742112918,2
NVDA,2024-07-11 04:00:00+00:00,135.75,136.15,127.05,127.4,374782738,3011881,129.970543,140.58751526378418,1
NVDA,2024-07-12 04:00:00+00:00,128.26,131.92,127.22,129.24,252680535,1739258,130.001596,138.52433067036887,1
NVDA,2024-07-15 04:00:00+00:00,130.56,131.39,127.18,128.44,208326164,1685022,128.800668,136.69081600302906,2
NVDA,2024-07-16 04:00:00+00:00,128.44,129.04,124.58,126.36,214769515,1644381,126.268287,134.81248582066013,2
NVDA,2024-07-17 04:00:00+00:00,121.35,121.85,116.72,117.99,390086189,3385334,118.909887,131.75385203508557,1
NVDA,2024-07-18 04:00:00+00:00,121.85,122.4,116.56,121.09,320979530,2406040,119.733566,129.8149698468882,2
NVDA,2024-07-19 04:00:00+00:00,120.35,121.6,117.37,117.93,217223800,1613498,118.992652,127.65406623836309,1
NVDA,2024-07-22 04:00:00+00:00,120.35,124.07,119.86,123.54,258068943,1720699,122.448975,126.90605419502432,1
NVDA,2024-07-23 04:00:00+00:00,122.78,124.69,122.1,122.59,173910983,1308702,123.277787,126.12131706865624,2
NVDA,2024-07-24 04:00:00+00:00,119.17,119.95,113.44,114.25,327776884,2515415,116.337869,123.96289578344602,2
NVDA,2024-07-25 04:00:00+00:00,113.04,116.63,106.3,112.28,460067019,3637632,112.752576,121.83873291372856,1
NVDA,2024-07-26 04:00:00+00:00,116.19,116.2,111.58,113.06,293399073,1840632,113.468474,120.2425997,2
NVDA,2024-07-29 04:00:00+00:00,113.69,116.28,111.3,111.59,248152068,1626151,113.176663,118.66939971910752,2
NVDA,2024-07-30 04:00:00+00:00,111.52,111.99,102.54,103.73,486833274,3512361,105.700274,115.95314522472434,1
NVDA,2024-07-31 04:00:00+00:00,112.9,118.34,110.88,117.02,473174182,2931761,115.463354,116.1471188,1
NVDA,2024-08-01 04:00:00+00:00,117.53,120.16,106.8104,109.21,523462326,3403077,111.924256,114.88582448927826,2
NVDA,2024-08-02 04:00:00+00:00,103.76,108.72,101.37,107.27,482027464,3599286,105.432306,113.5011291275913,2
NVDA,2024-08-05 04:00:00+00:00,92.06,103.41,90.69,100.45,552842375,4742029,99.346923,111.12819655893831,1
NVDA,2024-08-06 04:00:00+00:00,103.84,107.71,100.55,104.25,409012089,2769475,105.030913,109.87761536640409,2
NVDA,2024-08-07 04:00:00+00:00,107.81,108.8,98.69,98.91,411440423,2815244,103.030784,107.88350348160331,1
NVDA,2024-08-08 04:00:00+00:00,102,105.5,97.52,104.97,391910023,2575270,102.926507,107.35377557585728,1
NVDA,2024-08-09 04:00:00+00:00,105.64,106.6,103.43,104.75,290844157,1877403,104.83749,106.88036183479232,1
NVDA,2024-08-12 04:00:00+00:00,106.32,111.07,106.26,109.02,325559870,2097337,109.211944,107.26938695573917,0
NVDA,2024-08-13 04:00:00+00:00,112.44,116.23,111.58,116.14,312646660,2004702,114.641992,108.88222569105928,0
NVDA,2024-08-14 04:00:00+00:00,118.53,118.6,114.07,118.08,339246407,2113443,116.790879,110.55454829268488,0
NVDA,2024-08-15 04:00:00+00:00,118.76,123.24,117.47,122.86,318086673,1922786,121.548426,112.79190314856037,0
NVDA,2024-08-16 04:00:00+00:00,121.94,125,121.18,124.58,302589872,1734119,123.75888,114.93519348518574,0
NVDA,2024-08-19 04:00:00+00:00,124.28,130,123.42,130,318333577,1931131,127.11925,117.67424921515196,1
NVDA,2024-08-20 04:00:00+00:00,128.4,129.88,125.89,127.25,300087415,1880955,127.811302,119.41529481239704,1
NVDA,2024-08-21 04:00:00+00:00,127.315,129.35,126.66,128.5,257883572,1536510,128.136768,121.0670593919612,1
NVDA,2024-08-22 04:00:00+00:00,130.02,130.75,123.1,123.74,376189076,2223729,126.307194,121.5530485934228,0
NVDA,2024-08-23 04:00:00+00:00,125.86,129.6,125.22,129.37,323230332,2023760,128.128926,122.97431248552776,1
NVDA,2024-08-26 04:00:00+00:00,129.57,131.26,124.37,126.46,331964672,2151679,127.222,123.6080738517954,0
NVDA,2024-08-27 04:00:00+00:00,125.05,129.2,123.88,128.3,303134573,1842908,127.648241,124.46115133328716,1
NVDA,2024-08-28 04:00:00+00:00,128.12,128.33,122.64,125.61,448101115,3217206,125.643737,124.67003290905312,1
NVDA,2024-08-29 04:00:00+00:00,121.355,124.43,116.71,117.59,453023305,3447866,120.37046,123.38275419831618,1
NVDA,2024-08-30 04:00:00+00:00,119.53,121.75,117.22,119.37,333751583,1932949,119.129936,122.65316252589504,2
NVDA,2024-09-03 04:00:00+00:00,116.01,116.21,107.29,108,477155100,3649473,110.336942,119.98895115755047,2
NVDA,2024-09-04 04:00:00+00:00,105.41,113.27,104.12,106.21,372470291,2584044,107.368734,117.48368731072313,1
NVDA,2024-09-05 04:00:00+00:00,104.985,109.65,104.76,107.21,306850696,2073881,107.501707,115.61574416331892,2
NVDA,2024-09-06 04:00:00+00:00,108.04,108.15,100.95,102.83,413638098,2872335,103.264653,113.29106340635184,1
NVDA,2024-09-09 04:00:00+00:00,104.88,106.55,103.69,106.47,273912015,1698023,105.425517,112.0508700597424,1
NVDA,2024-09-10 04:00:00+00:00,107.81,109.4,104.95,108.1,268283736,1661102,106.998369,111.33253004888014,1
NVDA,2024-09-11 04:00:00+00:00,109.39,117.19,107.42,116.91,441422370,2694547,112.543705,112.3466154945383,0
NVDA,2024-09-12 04:00:00+00:00,116.84,120.79,115.38,119.14,367100496,2375991,118.96318,113.58177631371314,1
NVDA,2024-09-13 04:00:00+00:00,119.08,119.955,117.6,119.1,238358328,1515679,118.98706,114.58508971121984,1
NVDA,2024-09-16 04:00:00+00:00,116.79,118.18,114.36,116.78,248772308,1550527,116.505547,114.98416430917986,1
NVDA,2024-09-17 04:00:00+00:00,118.17,118.8,114.83,115.59,231925876,1475546,116.551412,115.09431625296531,1
NVDA,2024-09-18 04:00:00+00:00,115.89,117.7,113.22,113.37,310318937,1857175,115.085913,114.78080420697162,1
NVDA,2024-09-19 04:00:00+00:00,117.35,119.66,117.25,117.87,293506438,1829283,118.608812,115.34247616934042,1
NVDA,2024-09-20 04:00:00+00:00,117.06,118.6181,115.3901,116,382462428,1540990,116.459964,115.46202595673306,1
NVDA,2024-09-23 04:00:00+00:00,116.55,116.99,114.86,116.26,206228490,1275979,115.977922,115.60711214641796,0
NVDA,2024-09-24 04:00:00+00:00,116.515,121.8,115.38,120.87,354966772,1971981,119.586687,116.56400084706922,0
NVDA,2024-09-25 04:00:00+00:00,122.02,124.94,121.61,123.51,284692948,1733184,123.632219,117.82690978396572,1
NVDA,2024-09-26 04:00:00+00:00,126.8,127.665,121.8,124.04,302582868,1833058,124.52539,118.9565625505174,1
NVDA,2024-09-27 04:00:00+00:00,123.97,124.03,119.26,121.4,271009175,1770388,121.082245,119.40082390496876,1
NVDA,2024-09-30 04:00:00+00:00,118.31,121.5,118.15,121.44,227053651,1416476,120.385174,119.77158319497444,1
NVDA,2024-10-01 04:00:00+00:00,121.765,122.4351,115.79,117,302094485,2009326,117.857374,119.26765897770636,1
NVDA,2024-10-02 04:00:00+00:00,116.44,119.38,115.14,118.85,221845887,1327167,118.183325,119.19172098175974,1
NVDA,2024-10-03 04:00:00+00:00,120.92,124.36,120.3401,122.85,277117973,1713953,122.681744,119.85686262143976,0
NVDA,2024-10-04 04:00:00+00:00,124.94,125.04,121.83,124.92,244465552,1511342,123.960099,120.77743305390528,0
NVDA,2024-10-07 04:00:00+00:00,124.99,130.64,124.95,127.72,346250233,2250022,128.228638,122.0397179531952,0
NVDA,2024-10-08 04:00:00+00:00,130.26,133.48,129.42,132.89,285722485,1852695,131.986307,124.0124965071597,1
NVDA,2024-10-09 04:00:00+00:00,134.11,134.52,131.38,132.65,246191612,1577938,132.700965,125.58295168767611,0
NVDA,2024-10-10 04:00:00+00:00,131.91,135,131,134.81,242311337,1536673,133.985325,127.26059683537136,1
NVDA,2024-10-11 04:00:00+00:00,134.01,135.78,133.66,134.8,170209474,1203774,134.866537,128.63139741075838,0
NVDA,2024-10-14 04:00:00+00:00,136.47,139.6,136.3,138.07,232347668,1590610,138.45187,130.34750697243868,1
NVDA,2024-10-15 04:00:00+00:00,137.87,138.57,128.74,131.6,377831021,2604627,132.37198,130.57523297744982,0
NVDA,2024-10-16 04:00:00+00:00,133.98,136.62,131.58,135.72,264879720,1616789,134.522385,131.51064516336805,1
NVDA,2024-10-17 04:00:00+00:00,139.34,140.89,136.87,136.93,306435921,1992541,138.972834,132.49598240639202,1
NVDA,2024-10-18 04:00:00+00:00,138.665,138.9,137.28,138,176090184,1081509,138.100201,133.4967128779571,0
NVDA,2024-10-21 04:00:00+00:00,138.13,143.71,138,143.71,264554514,1782070,141.494221,135.35367417287398,1
NVDA,2024-10-22 04:00:00+00:00,142.91,144.42,141.78,143.59,226311589,1502933,143.318116,136.85118795962416,1
NVDA,2024-10-23 04:00:00+00:00,142.03,142.43,137.46,139.56,285930038,1916981,139.661129,137.34369923969248,1
NVDA,2024-10-24 04:00:00+00:00,140.82,141.35,138.46,140.41,172354888,1226518,139.95535,137.9012084688393,1
NVDA,2024-10-25 04:00:00+00:00,140.93,144.13,140.8,141.54,205122109,1410935,142.594494,138.5628069290503,1
NVDA,2024-10-28 04:00:00+00:00,143,143.14,140.05,140.52,173586745,1258121,141.135508,138.91866021467752,1
NVDA,2024-10-29 04:00:00+00:00,140.285,142.2598,138.9,141.25,157593634,1163074,141.011574,139.34254017564524,1
NVDA,2024-10-30 04:00:00+00:00,139.54,140.33,136.81,139.335,179418082,1306261,139.300574,139.34116923461883,2
NVDA,2024-10-31 04:00:00+00:00,137.6,137.61,132.1106,132.76,270039641,1998937,133.663905,138.14459301014267,1
NVDA,2024-11-01 04:00:00+00:00,134.7,137.31,134.57,135.4,207127838,1423974,135.95656,137.64557609920763,1
NVDA,2024-11-04 05:00:00+00:00,137.21,138.96,135.57,136.05,187528173,1369192,137.404343,137.35547135389714,1
NVDA,2024-11-05 05:00:00+00:00,137.45,140.3701,137.33,139.91,160537373,1158212,139.354042,137.81993110773402,0
NVDA,2024-11-06 05:00:00+00:00,142.96,146.49,141.96,145.61,242043945,1849169,144.747946,139.2363072699642,0
NVDA,2024-11-07 05:00:00+00:00,146.39,148.93,146.17,148.88,207323303,1460795,148.061939,140.9897059481525,1
NVDA,2024-11-08 05:00:00+00:00,148.77,149.77,146.26,147.63,175422668,1363775,147.661376,142.1970321393975,1
NVDA,2024-11-11 05:00:00+00:00,148.68,148.85,143.57,145.26,182325620,1521436,145.468234,142.75393538677977,0
NVDA,2024-11-12 05:00:00+00:00,146.78,149.65,146.01,148.29,198634738,1464181,148.068907,143.76049258918343,1
NVDA,2024-11-13 05:00:00+00:00,149.07,149.33,145.9,146.27,191903267,1330924,147.158418,144.21676666387734,1
NVDA,2024-11-14 05:00:00+00:00,147.64,149,145.55,146.76,194463301,1304856,147.392811,144.67917272499054,1
NVDA,2024-11-15 05:00:00+00:00,144.87,145.24,140.08,141.98,249339480,1856240,142.299601,144.1884140477195,2
NVDA,2024-11-18 05:00:00+00:00,139.5,141.55,137.15,140.15,221865993,1762599,139.682541,143.45415694813414,1
AAPL,2023-11-20 05:00:00+00:00,189.89,191.905,189.88,191.45,46543084,554091,191.307534,152.18067386665518,1
AAPL,2023-11-21 05:00:00+00:00,191.41,191.52,189.74,190.64,38142232,450941,190.509559,159.1732786181724,1
AAPL,2023-11-22 05:00:00+00:00,191.49,192.93,190.825,191.31,39630374,463588,191.737678,165.01631886941377,1
AAPL,2023-11-24 05:00:00+00:00,190.87,190.9,189.25,189.97,24048346,335950,189.776006,169.55335180224762,1
AAPL,2023-11-27 05:00:00+00:00,189.92,190.67,188.9,189.79,40570385,509035,189.801449,173.23274238365713,1
AAPL,2023-11-28 05:00:00+00:00,189.78,191.08,189.4,190.4,38422811,458379,190.182635,176.3540619502649,1
AAPL,2023-11-29 05:00:00+00:00,190.9,192.09,188.97,189.37,43017537,493157,190.095824,178.72059614112584,1
AAPL,2023-11-30 05:00:00+00:00,189.84,190.32,188.19,189.95,48804815,486962,189.32785,180.7623059336484,1
AAPL,2023-12-01 05:00:00+00:00,190.33,191.56,189.23,191.24,45704824,515541,190.814969,182.6673412184396,1
AAPL,2023-12-04 05:00:00+00:00,189.98,190.05,187.4511,189.43,43396215,587629,188.903443,183.8969155423597,0
AAPL,2023-12-05 05:00:00+00:00,190.21,194.4,190.18,193.42,66654222,700936,193.201212,185.6283854437488,1
AAPL,2023-12-06 05:00:00+00:00,194.45,194.76,192.11,192.32,41092772,491536,192.792192,186.84504263579444,0
AAPL,2023-12-07 05:00:00+00:00,193.63,195,193.59,194.27,47485364,495114,194.415635,188.1950348838318,1
AAPL,2023-12-08 05:00:00+00:00,194.2,195.99,193.67,195.71,53406358,538969,195.1631,189.56139217768052,1
AAPL,2023-12-11 05:00:00+00:00,193.11,193.49,191.42,193.18,60952756,691291,192.690089,190.2193208726477,1
AAPL,2023-12-12 05:00:00+00:00,193.08,194.72,191.721,194.71,52704312,510922,193.712615,191.03580798671172,0
AAPL,2023-12-13 05:00:00+00:00,195.09,198,194.85,197.96,70422443,672723,196.884059,192.29475198912775,1
AAPL,2023-12-14 05:00:00+00:00,198.02,199.62,196.16,198.11,66836850,691952,198.298267,193.35206980928635,1
AAPL,2023-12-15 05:00:00+00:00,197.53,198.3999,197,197.57,128538401,625454,197.573249,194.1189662075979,1
AAPL,2023-12-18 05:00:00+00:00,196.09,196.63,194.39,195.89,55755354,655820,195.532766,194.4409724,1
AAPL,2023-12-19 05:00:00+00:00,196.16,196.95,195.89,196.94,40717190,451795,196.531773,194.89534101500357,1
AAPL,2023-12-20 05:00:00+00:00,196.9,197.68,194.83,194.83,52247140,550700,196.221545,194.88346083045744,1
AAPL,2023-12-21 05:00:00+00:00,196.1,197.08,193.5,194.68,46485784,554963,194.733112,194.84646795219248,1
AAPL,2023-12-22 05:00:00+00:00,195.18,195.41,192.97,193.6,37149570,500544,194.099383,194.6198374154302,1
AAPL,2023-12-26 05:00:00+00:00,193.61,193.89,192.83,193.05,28921648,488340,193.170805,194.3344124308065,1
,,,,,,,,,,
,,,,,,,,,,
,,,,,,,,,,
,,,,,,,,,,
,,,,,,,,,,
,,,,,,,,,,
,,,,,,,,,,
,,,,,,,,,,
,,,,,,,,,,
,,,,,,,,,,
,,,,,,,,,,
,,,,,,,,,,
,,,,,,,,,,
,,,,,,,,,,
,,,,,,,,,,
,,,,,,,,,,
,,,,,,,,,,
,,,,,,,,,,
,,,,,,,,,,
,,,,,,,,,,
,,,,,,,,,,
,,,,,,,,,,
,,,,,,,,,,
,,,,,,,,,,
,,,,,,,,,,
,,,,,,,,,,
,,,,,,,,,,
,,,,,,,,,,
,,,,,,,,,,
,,,,,,,,,,
,,,,,,,,,,
,,,,,,,,,,
,,,,,,,,,,
,,,,,,,,,,
,,,,,,,,,,
,,,,,,,,,,
,,,,,,,,,,
,,,,,,,,,,
,,,,,,,,,,
,,,,,,,,,,
,,,,,,,,,,
,,,,,,,,,,
,,,,,,,,,,
,,,,,,,,,,
,,,,,,,,,,
,,,,,,,,,,
,,,,,,,,,,
,,,,,,,,,,
,,,,,,,,,,
,,,,,,,,,,
,,,,,,,,,,
,,,,,,,,,,
,,,,,,,,,,
,,,,,,,,,,
,,,,,,,,,,
,,,,,,,,,,
,,,,,,,,,,
,,,,,,,,,,
,,,,,,,,,,
,,,,,,,,,,
,,,,,,,,,,
,,,,,,,,,,
,,,,,,,,,,
,,,,,,,,,,
,,,,,,,,,,
,,,,,,,,,,
,,,,,,,,,,
,,,,,,,,,,
,,,,,,,,,,
,,,,,,,,,,
,,,,,,,,,,
,,,,,,,,,,
,,,,,,,,,,
,,,,,,,,,,
,,,,,,,,,,
,,,,,,,,,,
,,,,,,,,,,
,,,,,,,,,,
,,,,,,,,,,
,,,,,,,,,,
,,,,,,,,,,
,,,,,,,,,,
,,,,,,,,,,
,,,,,,,,,,
,,,,,,,,,,
,,,,,,,,,,
,,,,,,,,,,
,,,,,,,,,,
,,,,,,,,,,
,,,,,,,,,,
,,,,,,,,,,
,,,,,,,,,,
,,,,,,,,,,
,,,,,,,,,,
,,,,,,,,,,
,,,,,,,,,,
,,,,,,,,,,
,,,,,,,,,,
,,,,,,,,,,
,,,,,,,,,,
,,,,,,,,,,
,,,,,,,,,,
,,,,,,,,,,
,,,,,,,,,,
,,,,,,,,,,
,,,,,,,,,,
,,,,,,,,,,
,,,,,,,,,,
,,,,,,,,,,
,,,,,,,,,,
,,,,,,,,,,
,,,,,,,,,,
,,,,,,,,,,
,,,,,,,,,,
,,,,,,,,,,
,,,,,,,,,,
,,,,,,,,,,
,,,,,,,,,,
,,,,,,,,,,
,,,,,,,,,,
,,,,,,,,,,
,,,,,,,,,,
,,,,,,,,,,
,,,,,,,,,,
,,,,,,,,,,
,,,,,,,,,,
,,,,,,,,,,
,,,,,,,,,,
,,,,,,,,,,
,,,,,,,,,,
,,,,,,,,,,
,,,,,,,,,,
,,,,,,,,,,
,,,,,,,,,,
,,,,,,,,,,
,,,,,,,,,,
,,,,,,,,,,
,,,,,,,,,,
,,,,,,,,,,
,,,,,,,,,,
,,,,,,,,,,
,,,,,,,,,,
,,,,,,,,,,
,,,,,,,,,,
,,,,,,,,,,
,,,,,,,,,,
,,,,,,,,,,
,,,,,,,,,,
,,,,,,,,,,
,,,,,,,,,,
,,,,,,,,,,
,,,,,,,,,,
,,,,,,,,,,
,,,,,,,,,,
,,,,,,,,,,
,,,,,,,,,,
,,,,,,,,,,
,,,,,,,,,,
,,,,,,,,,,
,,,,,,,,,,
,,,,,,,,,,
,,,,,,,,,,
,,,,,,,,,,
,,,,,,,,,,
,,,,,,,,,,
,,,,,,,,,,
,,,,,,,,,,
,,,,,,,,,,
,,,,,,,,,,
,,,,,,,,,,
,,,,,,,,,,
,,,,,,,,,,
,,,,,,,,,,
,,,,,,,,,,
,,,,,,,,,,
,,,,,,,,,,
,,,,,,,,,,
,,,,,,,,,,
,,,,,,,,,,
,,,,,,,,,,
,,,,,,,,,,
,,,,,,,,,,
,,,,,,,,,,
,,,,,,,,,,
,,,,,,,,,,
,,,,,,,,,,
,,,,,,,,,,
,,,,,,,,,,
,,,,,,,,,,
,,,,,,,,,,
,,,,,,,,,,
,,,,,,,,,,
,,,,,,,,,,
,,,,,,,,,,
,,,,,,,,,,
,,,,,,,,,,
,,,,,,,,,,
,,,,,,,,,,
,,,,,,,,,,
,,,,,,,,,,
,,,,,,,,,,
,,,,,,,,,,
,,,,,,,,,,
,,,,,,,,,,
,,,,,,,,,,
,,,,,,,,,,
,,,,,,,,,,
,,,,,,,,,,
,,,,,,,,,,
,,,,,,,,,,
,,,,,,,,,,
,,,,,,,,,,
,,,,,,,,,,
,,,,,,,,,,
,,,,,,,,,,
,,,,,,,,,,
,,,,,,,,,,
,,,,,,,,,,
,,,,,,,,,,
,,,,,,,,,,
,,,,,,,,,,
,,,,,,,,,,
,,,,,,,,,,
,,,,,,,,,,
,,,,,,,,,,
,,,,,,,,,,
,,,,,,,,,,
,,,,,,,,,,
,,,,,,,,,,
,,,,,,,,,,
,,,,,,,,,,
,,,,,,,,,,
,,,,,,,,,,
,,,,,,,,,,
,,,,,,,,,,
,,,,,,,,,,
,,,,,,,,,,
,,,,,,,,,,
,,,,,,,,,,
,,,,,,,,,,
,,,,,,,,,,
,,,,,,,,,,
,,,,,,,,,,
,,,,,,,,,,
,,,,,,,,,,
,,,,,,,,,,
,,,,,,,,,,
,,,,,,,,,,
,,,,,,,,,,
,,,,,,,,,,
,,,,,,,,,,
,,,,,,,,,,
,,,,,,,,,,
,,,,,,,,,,
,,,,,,,,,,
,,,,,,,,,,
,,,,,,,,,,
,,,,,,,,,,
,,,,,,,,,,
,,,,,,,,,,
,,,,,,,,,,
,,,,,,,,,,
,,,,,,,,,,
,,,,,,,,,,
,,,,,,,,,,
,,,,,,,,,,
,,,,,,,,,,
,,,,,,,,,,
,,,,,,,,,,
,,,,,,,,,,
,,,,,,,,,,
,,,,,,,,,,
,,,,,,,,,,
,,,,,,,,,,
,,,,,,,,,,
,,,,,,,,,,
,,,,,,,,,,
,,,,,,,,,,
,,,,,,,,,,
,,,,,,,,,,
,,,,,,,,,,
,,,,,,,,,,
,,,,,,,,,,
,,,,,,,,,,
,,,,,,,,,,
,,,,,,,,,,
,,,,,,,,,,
,,,,,,,,,,
,,,,,,,,,,
,,,,,,,,,,
,,,,,,,,,,
,,,,,,,,,,
,,,,,,,,,,
,,,,,,,,,,
,,,,,,,,,,
,,,,,,,,,,
,,,,,,,,,,
,,,,,,,,,,
,,,,,,,,,,
,,,,,,,,,,
,,,,,,,,,,
,,,,,,,,,,
,,,,,,,,,,
,,,,,,,,,,
,,,,,,,,,,
,,,,,,,,,,
,,,,,,,,,,
,,,,,,,,,,
,,,,,,,,,,
,,,,,,,,,,
,,,,,,,,,,
,,,,,,,,,,
,,,,,,,,,,
,,,,,,,,,,
,,,,,,,,,,
,,,,,,,,,,
,,,,,,,,,,
,,,,,,,,,,
,,,,,,,,,,
,,,,,,,,,,
,,,,,,,,,,
,,,,,,,,,,
,,,,,,,,,,
,,,,,,,,,,
,,,,,,,,,,
,,,,,,,,,,
,,,,,,,,,,
,,,,,,,,,,
,,,,,,,,,,
,,,,,,,,,,
,,,,,,,,,,
,,,,,,,,,,
,,,,,,,,,,
,,,,,,,,,,
,,,,,,,,,,
,,,,,,,,,,
,,,,,,,,,,
,,,,,,,,,,
,,,,,,,,,,
,,,,,,,,,,
,,,,,,,,,,
,,,,,,,,,,
,,,,,,,,,,
,,,,,,,,,,
,,,,,,,,,,
,,,,,,,,,,
,,,,,,,,,,
,,,,,,,,,,
,,,,,,,,,,
,,,,,,,,,,
,,,,,,,,,,
,,,,,,,,,,
,,,,,,,,,,
,,,,,,,,,,
,,,,,,,,,,
,,,,,,,,,,
,,,,,,,,,,
,,,,,,,,,,
,,,,,,,,,,
,,,,,,,,,,
,,,,,,,,,,
,,,,,,,,,,
,,,,,,,,,,
,,,,,,,,,,
,,,,,,,,,,
,,,,,,,,,,
,,,,,,,,,,
,,,,,,,,,,
,,,,,,,,,,
,,,,,,,,,,
,,,,,,,,,,
,,,,,,,,,,
,,,,,,,,,,
,,,,,,,,,,
,,,,,,,,,,
,,,,,,,,,,
,,,,,,,,,,
,,,,,,,,,,
,,,,,,,,,,
,,,,,,,,,,
,,,,,,,,,,
,,,,,,,,,,
,,,,,,,,,,
,,,,,,,,,,
,,,,,,,,,,
,,,,,,,,,,
,,,,,,,,,,
,,,,,,,,,,
,,,,,,,,,,
,,,,,,,,,,
,,,,,,,,,,
,,,,,,,,,,
,,,,,,,,,,
,,,,,,,,,,
,,,,,,,,,,
,,,,,,,,,,
,,,,,,,,,,
,,,,,,,,,,
,,,,,,,,,,
,,,,,,,,,,
,,,,,,,,,,
,,,,,,,,,,
,,,,,,,,,,
,,,,,,,,,,
,,,,,,,,,,
,,,,,,,,,,
,,,,,,,,,,
,,,,,,,,,,
,,,,,,,,,,
,,,,,,,,,,
,,,,,,,,,,
,,,,,,,,,,
,,,,,,,,,,
,,,,,,,,,,
,,,,,,,,,,
,,,,,,,,,,
,,,,,,,,,,
,,,,,,,,,,
,,,,,,,,,,
,,,,,,,,,,
,,,,,,,,,,
,,,,,,,,,,
,,,,,,,,,,
,,,,,,,,,,
,,,,,,,,,,
,,,,,,,,,,
,,,,,,,,,,
,,,,,,,,,,
,,,,,,,,,,
,,,,,,,,,,
,,,,,,,,,,
,,,,,,,,,,
,,,,,,,,,,
,,,,,,,,,,
,,,,,,,,,,
,,,,,,,,,,
,,,,,,,,,,
,,,,,,,,,,
,,,,,,,,,,
,,,,,,,,,,
,,,,,,,,,,
,,,,,,,,,,
,,,,,,,,,,
,,,,,,,,,,
,,,,,,,,,,
,,,,,,,,,,
,,,,,,,,,,
,,,,,,,,,,
,,,,,,,,,,
,,,,,,,,,,
,,,,,,,,,,
,,,,,,,,,,
,,,,,,,,,,
,,,,,,,,,,
,,,,,,,,,,
,,,,,,,,,,
,,,,,,,,,,
,,,,,,,,,,
,,,,,,,,,,
,,,,,,,,,,
,,,,,,,,,,
,,,,,,,,,,
,,,,,,,,,,
,,,,,,,,,,
,,,,,,,,,,
,,,,,,,,,,
,,,,,,,,,,
,,,,,,,,,,
,,,,,,,,,,
,,,,,,,,,,
,,,,,,,,,,
,,,,,,,,,,
,,,,,,,,,,
,,,,,,,,,,
,,,,,,,,,,
,,,,,,,,,,
,,,,,,,,,,
,,,,,,,,,,
,,,,,,,,,,
,,,,,,,,,,
,,,,,,,,,,
,,,,,,,,,,
,,,,,,,,,,
,,,,,,,,,,
,,,,,,,,,,
,,,,,,,,,,
,,,,,,,,,,
,,,,,,,,,,
,,,,,,,,,,
,,,,,,,,,,
,,,,,,,,,,
,,,,,,,,,,
,,,,,,,,,,
,,,,,,,,,,
,,,,,,,,,,
,,,,,,,,,,
,,,,,,,,,,
,,,,,,,,,,
,,,,,,,,,,
,,,,,,,,,,
,,,,,,,,,,
,,,,,,,,,,
,,,,,,,,,,
,,,,,,,,,,
,,,,,,,,,,
,,,,,,,,,,
,,,,,,,,,,
,,,,,,,,,,
,,,,,,,,,,
,,,,,,,,,,
,,,,,,,,,,
,,,,,,,,,,
,,,,,,,,,,
,,,,,,,,,,
,,,,,,,,,,
,,,,,,,,,,
,,,,,,,,,,
,,,,,,,,,,
,,,,,,,,,,
,,,,,,,,,,
,,,,,,,,,,
,,,,,,,,,,
,,,,,,,,,,
,,,,,,,,,,
,,,,,,,,,,
,,,,,,,,,,
,,,,,,,,,,
,,,,,,,,,,
,,,,,,,,,,
,,,,,,,,,,
,,,,,,,,,,
,,,,,,,,,,
,,,,,,,,,,
,,,,,,,,,,
,,,,,,,,,,
,,,,,,,,,,
,,,,,,,,,,
,,,,,,,,,,
,,,,,,,,,,
,,,,,,,,,,
,,,,,,,,,,
,,,,,,,,,,
,,,,,,,,,,
,,,,,,,,,,
,,,,,,,,,,
,,,,,,,,,,
,,,,,,,,,,
,,,,,,,,,,
,,,,,,,,,,
,,,,,,,,,,
,,,,,,,,,,
,,,,,,,,,,
,,,,,,,,,,
,,,,,,,,,,
,,,,,,,,,,
,,,,,,,,,,
,,,,,,,,,,
,,,,,,,,,,
,,,,,,,,,,
,,,,,,,,,,
,,,,,,,,,,
,,,,,,,,,,
,,,,,,,,,,
,,,,,,,,,,
,,,,,,,,,,
,,,,,,,,,,
,,,,,,,,,,
,,,,,,,,,,
,,,,,,,,,,
,,,,,,,,,,
,,,,,,,,,,
,,,,,,,,,,
,,,,,,,,,,
,,,,,,,,,,
,,,,,,,,,,
,,,,,,,,,,
,,,,,,,,,,
,,,,,,,,,,
,,,,,,,,,,
,,,,,,,,,,
,,,,,,,,,,
,,,,,,,,,,
,,,,,,,,,,
,,,,,,,,,,
,,,,,,,,,,
,,,,,,,,,,
,,,,,,,,,,
,,,,,,,,,,
,,,,,,,,,,
,,,,,,,,,,
,,,,,,,,,,
,,,,,,,,,,
,,,,,,,,,,
,,,,,,,,,,
,,,,,,,,,,
,,,,,,,,,,
,,,,,,,,,,
,,,,,,,,,,
,,,,,,,,,,
,,,,,,,,,,
,,,,,,,,,,
,,,,,,,,,,
,,,,,,,,,,
,,,,,,,,,,
,,,,,,,,,,
,,,,,,,,,,
,,,,,,,,,,
,,,,,,,,,,
,,,,,,,,,,
,,,,,,,,,,
,,,,,,,,,,
,,,,,,,,,,
,,,,,,,,,,
,,,,,,,,,,
,,,,,,,,,,
,,,,,,,,,,
,,,,,,,,,,
,,,,,,,,,,
,,,,,,,,,,
,,,,,,,,,,
,,,,,,,,,,
,,,,,,,,,,
,,,,,,,,,,
,,,,,,,,,,
,,,,,,,,,,
,,,,,,,,,,
,,,,,,,,,,
,,,,,,,,,,
,,,,,,,,,,
,,,,,,,,,,
,,,,,,,,,,
,,,,,,,,,,
,,,,,,,,,,
,,,,,,,,,,
,,,,,,,,,,
,,,,,,,,,,
,,,,,,,,,,
,,,,,,,,,,
,,,,,,,,,,
,,,,,,,,,,
,,,,,,,,,,
,,,,,,,,,,
,,,,,,,,,,
,,,,,,,,,,
,,,,,,,,,,
,,,,,,,,,,
,,,,,,,,,,
,,,,,,,,,,
,,,,,,,,,,
,,,,,,,,,,
,,,,,,,,,,
,,,,,,,,,,
,,,,,,,,,,
,,,,,,,,,,
,,,,,,,,,,
,,,,,,,,,,
,,,,,,,,,,
,,,,,,,,,,
,,,,,,,,,,
,,,,,,,,,,
,,,,,,,,,,
,,,,,,,,,,
,,,,,,,,,,
,,,,,,,,,,
,,,,,,,,,,
,,,,,,,,,,
,,,,,,,,,,
,,,,,,,,,,
,,,,,,,,,,
,,,,,,,,,,
,,,,,,,,,,
,,,,,,,,,,
,,,,,,,,,,
,,,,,,,,,,
,,,,,,,,,,
,,,,,,,,,,
,,,,,,,,,,
,,,,,,,,,,
,,,,,,,,,,
,,,,,,,,,,
,,,,,,,,,,
,,,,,,,,,,
,,,,,,,,,,
,,,,,,,,,,
,,,,,,,,,,
,,,,,,,,,,
,,,,,,,,,,
,,,,,,,,,,
,,,,,,,,,,
,,,,,,,,,,
,,,,,,,,,,
,,,,,,,,,,
,,,,,,,,,,
,,,,,,,,,,
,,,,,,,,,,
,,,,,,,,,,
,,,,,,,,,,
,,,,,,,,,,
,,,,,,,,,,
,,,,,,,,,,
,,,,,,,,,,
,,,,,,,,,,
,,,,,,,,,,
,,,,,,,,,,
,,,,,,,,,,
,,,,,,,,,,
,,,,,,,,,,
,,,,,,,,,,
,,,,,,,,,,
,,,,,,,,,,
,,,,,,,,,,
,,,,,,,,,,
,,,,,,,,,,
,,,,,,,,,,
,,,,,,,,,,
,,,,,,,,,,
,,,,,,,,,,
,,,,,,,,,,
,,,,,,,,,,
,,,,,,,,,,
,,,,,,,,,,
,,,,,,,,,,
,,,,,,,,,,
,,,,,,,,,,
,,,,,,,,,,
,,,,,,,,,,
,,,,,,,,,,
,,,,,,,,,,
,,,,,,,,,,
,,,,,,,,,,
,,,,,,,,,,
,,,,,,,,,,
,,,,,,,,,,
,,,,,,,,,,
,,,,,,,,,,
,,,,,,,,,,
,,,,,,,,,,
,,,,,,,,,,
,,,,,,,,,,
,,,,,,,,,,
,,,,,,,,,,
,,,,,,,,,,
,,,,,,,,,,
,,,,,,,,,,
,,,,,,,,,,
,,,,,,,,,,
,,,,,,,,,,
,,,,,,,,,,
,,,,,,,,,,
,,,,,,,,,,
,,,,,,,,,,
,,,,,,,,,,
,,,,,,,,,,
,,,,,,,,,,
,,,,,,,,,,
,,,,,,,,,,
,,,,,,,,,,
,,,,,,,,,,
,,,,,,,,,,
,,,,,,,,,,
,,,,,,,,,,
,,,,,,,,,,
,,,,,,,,,,
,,,,,,,,,,
,,,,,,,,,,
,,,,,,,,,,
,,,,,,,,,,
,,,,,,,,,,
,,,,,,,,,,
,,,,,,,,,,
,,,,,,,,,,
,,,,,,,,,,
,,,,,,,,,,
,,,,,,,,,,
,,,,,,,,,,
,,,,,,,,,,
,,,,,,,,,,
,,,,,,,,,,
,,,,,,,,,,
,,,,,,,,,,
,,,,,,,,,,
,,,,,,,,,,
,,,,,,,,,,
,,,,,,,,,,
,,,,,,,,,,
,,,,,,,,,,
,,,,,,,,,,
,,,,,,,,,,
,,,,,,,,,,
,,,,,,,,,,
,,,,,,,,,,
,,,,,,,,,,
,,,,,,,,,,
,,,,,,,,,,
,,,,,,,,,,
,,,,,,,,,,
,,,,,,,,,,
,,,,,,,,,,
,,,,,,,,,,
,,,,,,,,,,
,,,,,,,,,,
,,,,,,,,,,
,,,,,,,,,,
,,,,,,,,,,
,,,,,,,,,,
,,,,,,,,,,
,,,,,,,,,,
,,,,,,,,,,
,,,,,,,,,,
,,,,,,,,,,
,,,,,,,,,,
,,,,,,,,,,
,,,,,,,,,,
,,,,,,,,,,
,,,,,,,,,,
,,,,,,,,,,
,,,,,,,,,,
,,,,,,,,,,
,,,,,,,,,,
,,,,,,,,,,
,,,,,,,,,,
,,,,,,,,,,
,,,,,,,,,,
,,,,,,,,,,
,,,,,,,,,,
,,,,,,,,,,
,,,,,,,,,,
,,,,,,,,,,
,,,,,,,,,,
,,,,,,,,,,
,,,,,,,,,,
,,,,,,,,,,
,,,,,,,,,,
,,,,,,,,,,
,,,,,,,,,,
,,,,,,,,,,
,,,,,,,,,,
,,,,,,,,,,
,,,,,,,,,,
,,,,,,,,,,
,,,,,,,,,,
,,,,,,,,,,
,,,,,,,,,,
,,,,,,,,,,
,,,,,,,,,,
,,,,,,,,,,
,,,,,,,,,,
,,,,,,,,,,
,,,,,,,,,,
,,,,,,,,,,
,,,,,,,,,,
,,,,,,,,,,
,,,,,,,,,,
,,,,,,,,,,
,,,,,,,,,,
,,,,,,,,,,
,,,,,,,,,,
,,,,,,,,,,
,,,,,,,,,,
,,,,,,,,,,
,,,,,,,,,,
,,,,,,,,,,
,,,,,,,,,,
,,,,,,,,,,
,,,,,,,,,,
,,,,,,,,,,
,,,,,,,,,,
,,,,,,,,,,
,,,,,,,,,,
,,,,,,,,,,
,,,,,,,,,,
,,,,,,,,,,
,,,,,,,,,,
,,,,,,,,,,
,,,,,,,,,,
,,,,,,,,,,
,,,,,,,,,,
,,,,,,,,,,
,,,,,,,,,,
,,,,,,,,,,
,,,,,,,,,,
,,,,,,,,,,
,,,,,,,,,,
,,,,,,,,,,
,,,,,,,,,,
,,,,,,,,,,
,,,,,,,,,,
,,,,,,,,,,
,,,,,,,,,,
,,,,,,,,,,
,,,,,,,,,,
,,,,,,,,,,
,,,,,,,,,,
,,,,,,,,,,
,,,,,,,,,,
,,,,,,,,,,
,,,,,,,,,,
,,,,,,,,,,
,,,,,,,,,,
,,,,,,,,,,
,,,,,,,,,,
,,,,,,,,,,
,,,,,,,,,,
,,,,,,,,,,
,,,,,,,,,,
,,,,,,,,,,
,,,,,,,,,,
,,,,,,,,,,
,,,,,,,,,,
,,,,,,,,,,
,,,,,,,,,,
,,,,,,,,,,
,,,,,,,,,,
,,,,,,,,,,
,,,,,,,,,,
,,,,,,,,,,
,,,,,,,,,,
,,,,,,,,,,
,,,,,,,,,,
,,,,,,,,,,
,,,,,,,,,,
,,,,,,,,,,
,,,,,,,,,,
,,,,,,,,,,
,,,,,,,,,,
,,,,,,,,,,
,,,,,,,,,,
,,,,,,,,,,
,,,,,,,,,,
,,,,,,,,,,
,,,,,,,,,,
,,,,,,,,,,
,,,,,,,,,,
,,,,,,,,,,
,,,,,,,,,,
,,,,,,,,,,
,,,,,,,,,,
,,,,,,,,,,
,,,,,,,,,,
,,,,,,,,,,
,,,,,,,,,,
,,,,,,,,,,
,,,,,,,,,,
,,,,,,,,,,
,,,,,,,,,,
,,,,,,,,,,
,,,,,,,,,,
,,,,,,,,,,
,,,,,,,,,,
,,,,,,,,,,
,,,,,,,,,,
,,,,,,,,,,
,,,,,,,,,,
,,,,,,,,,,
,,,,,,,,,,
,,,,,,,,,,
,,,,,,,,,,
,,,,,,,,,,
,,,,,,,,,,
,,,,,,,,,,
,,,,,,,,,,
,,,,,,,,,,
,,,,,,,,,,
,,,,,,,,,,
,,,,,,,,,,
,,,,,,,,,,
,,,,,,,,,,
,,,,,,,,,,
,,,,,,,,,,
,,,,,,,,,,
,,,,,,,,,,
,,,,,,,,,,
,,,,,,,,,,
,,,,,,,,,,
,,,,,,,,,,
,,,,,,,,,,
,,,,,,,,,,
,,,,,,,,,,
,,,,,,,,,,
,,,,,,,,,,
,,,,,,,,,,
,,,,,,,,,,
,,,,,,,,,,
,,,,,,,,,,
,,,,,,,,,,
,,,,,,,,,,
,,,,,,,,,,
,,,,,,,,,,
,,,,,,,,,,
,,,,,,,,,,
,,,,,,,,,,
,,,,,,,,,,
,,,,,,,,,,
,,,,,,,,,,
,,,,,,,,,,
,,,,,,,,,,
,,,,,,,,,,
,,,,,,,,,,
,,,,,,,,,,
,,,,,,,,,,
,,,,,,,,,,
,,,,,,,,,,
,,,,,,,,,,
,,,,,,,,,,
,,,,,,,,,,
,,,,,,,,,,
,,,,,,,,,,
,,,,,,,,,,
,,,,,,,,,,
,,,,,,,,,,
,,,,,,,,,,
,,,,,,,,,,
,,,,,,,,,,
,,,,,,,,,,
,,,,,,,,,,
,,,,,,,,,,
,,,,,,,,,,
,,,,,,,,,,
,,,,,,,,,,
,,,,,,,,,,
,,,,,,,,,,
,,,,,,,,,,
,,,,,,,,,,
,,,,,,,,,,
,,,,,,,,,,
,,,,,,,,,,
,,,,,,,,,,
,,,,,,,,,,
,,,,,,,,,,
,,,,,,,,,,
,,,,,,,,,,
,,,,,,,,,,
,,,,,,,,,,
,,,,,,,,,,
,,,,,,,,,,
,,,,,,,,,,
,,,,,,,,,,
,,,,,,,,,,
,,,,,,,,,,
,,,,,,,,,,
,,,,,,,,,,
,,,,,,,,,,
,,,,,,,,,,
,,,,,,,,,,
,,,,,,,,,,
,,,,,,,,,,
,,,,,,,,,,
,,,,,,,,,,
,,,,,,,,,,
,,,,,,,,,,
,,,,,,,,,,
,,,,,,,,,,
,,,,,,,,,,
,,,,,,,,,,
,,,,,,,,,,
,,,,,,,,,,
,,,,,,,,,,
,,,,,,,,,,
,,,,,,,,,,
,,,,,,,,,,
,,,,,,,,,,
,,,,,,,,,,
,,,,,,,,,,
,,,,,,,,,,
,,,,,,,,,,
,,,,,,,,,,
,,,,,,,,,,
,,,,,,,,,,
,,,,,,,,,,
,,,,,,,,,,
,,,,,,,,,,
,,,,,,,,,,
,,,,,,,,,,
,,,,,,,,,,
,,,,,,,,,,
,,,,,,,,,,
,,,,,,,,,,
,,,,,,,,,,
,,,,,,,,,,
,,,,,,,,,,
,,,,,,,,,,
,,,,,,,,,,
,,,,,,,,,,
,,,,,,,,,,
,,,,,,,,,,
,,,,,,,,,,
,,,,,,,,,,
,,,,,,,,,,
,,,,,,,,,,
,,,,,,,,,,
,,,,,,,,,,
,,,,,,,,,,
,,,,,,,,,,
,,,,,,,,,,
,,,,,,,,,,
,,,,,,,,,,
,,,,,,,,,,
,,,,,,,,,,
,,,,,,,,,,
,,,,,,,,,,
,,,,,,,,,,
,,,,,,,,,,
,,,,,,,,,,
,,,,,,,,,,
,,,,,,,,,,
,,,,,,,,,,
,,,,,,,,,,
,,,,,,,,,,
,,,,,,,,,,
,,,,,,,,,,
,,,,,,,,,,
,,,,,,,,,,
,,,,,,,,,,
,,,,,,,,,,
,,,,,,,,,,
,,,,,,,,,,
,,,,,,,,,,
,,,,,,,,,,
,,,,,,,,,,
,,,,,,,,,,
,,,,,,,,,,
,,,,,,,,,,
,,,,,,,,,,
,,,,,,,,,,
,,,,,,,,,,
,,,,,,,,,,
,,,,,,,,,,
,,,,,,,,,,
,,,,,,,,,,
,,,,,,,,,,
,,,,,,,,,,
,,,,,,,,,,
,,,,,,,,,,
,,,,,,,,,,
,,,,,,,,,,
,,,,,,,,,,
,,,,,,,,,,
,,,,,,,,,,
,,,,,,,,,,
,,,,,,,,,,
,,,,,,,,,,
,,,,,,,,,,
,,,,,,,,,,
,,,,,,,,,,
,,,,,,,,,,
,,,,,,,,,,
,,,,,,,,,,
,,,,,,,,,,
,,,,,,,,,,
,,,,,,,,,,
,,,,,,,,,,
,,,,,,,,,,
,,,,,,,,,,
,,,,,,,,,,
,,,,,,,,,,
,,,,,,,,,,
,,,,,,,,,,
,,,,,,,,,,
,,,,,,,,,,
,,,,,,,,,,
,,,,,,,,,,
,,,,,,,,,,
,,,,,,,,,,
,,,,,,,,,,
,,,,,,,,,,
,,,,,,,,,,
,,,,,,,,,,
,,,,,,,,,,
,,,,,,,,,,
,,,,,,,,,,
,,,,,,,,,,
,,,,,,,,,,
,,,,,,,,,,
,,,,,,,,,,
,,,,,,,,,,
,,,,,,,,,,
,,,,,,,,,,
,,,,,,,,,,
,,,,,,,,,,
,,,,,,,,,,
,,,,,,,,,,
,,,,,,,,,,
,,,,,,,,,,
,,,,,,,,,,
,,,,,,,,,,
,,,,,,,,,,
,,,,,,,,,,
,,,,,,,,,,
,,,,,,,,,,
,,,,,,,,,,
,,,,,,,,,,
,,,,,,,,,,
,,,,,,,,,,
,,,,,,,,,,
,,,,,,,,,,
,,,,,,,,,,
,,,,,,,,,,
,,,,,,,,,,
,,,,,,,,,,
,,,,,,,,,,
,,,,,,,,,,
,,,,,,,,,,
,,,,,,,,,,
,,,,,,,,,,
,,,,,,,,,,
,,,,,,,,,,
,,,,,,,,,,
,,,,,,,,,,
,,,,,,,,,,
,,,,,,,,,,
,,,,,,,,,,
,,,,,,,,,,
,,,,,,,,,,
,,,,,,,,,,
,,,,,,,,,,
,,,,,,,,,,
,,,,,,,,,,
,,,,,,,,,,
,,,,,,,,,,
,,,,,,,,,,
,,,,,,,,,,
,,,,,,,,,,
,,,,,,,,,,
,,,,,,,,,,
,,,,,,,,,,
,,,,,,,,,,
,,,,,,,,,,
,,,,,,,,,,
,,,,,,,,,,
,,,,,,,,,,
,,,,,,,,,,
,,,,,,,,,,
,,,,,,,,,,
,,,,,,,,,,
,,,,,,,,,,
,,,,,,,,,,
,,,,,,,,,,
,,,,,,,,,,
,,,,,,,,,,
,,,,,,,,,,
,,,,,,,,,,
,,,,,,,,,,
,,,,,,,,,,
,,,,,,,,,,
,,,,,,,,,,
,,,,,,,,,,
,,,,,,,,,,
,,,,,,,,,,
,,,,,,,,,,
,,,,,,,,,,
,,,,,,,,,,
,,,,,,,,,,
,,,,,,,,,,
,,,,,,,,,,
,,,,,,,,,,
,,,,,,,,,,
,,,,,,,,,,
,,,,,,,,,,
,,,,,,,,,,
,,,,,,,,,,
,,,,,,,,,,
,,,,,,,,,,
,,,,,,,,,,
,,,,,,,,,,
,,,,,,,,,,
,,,,,,,,,,
,,,,,,,,,,
,,,,,,,,,,
,,,,,,,,,,
,,,,,,,,,,
,,,,,,,,,,
,,,,,,,,,,
,,,,,,,,,,
,,,,,,,,,,
,,,,,,,,,,
,,,,,,,,,,
,,,,,,,,,,
,,,,,,,,,,
,,,,,,,,,,
,,,,,,,,,,
,,,,,,,,,,
,,,,,,,,,,
,,,,,,,,,,
,,,,,,,,,,
,,,,,,,,,,
,,,,,,,,,,
,,,,,,,,,,
,,,,,,,,,,
,,,,,,,,,,
,,,,,,,,,,
,,,,,,,,,,
,,,,,,,,,,
,,,,,,,,,,
,,,,,,,,,,
,,,,,,,,,,
,,,,,,,,,,
,,,,,,,,,,
,,,,,,,,,,
,,,,,,,,,,
,,,,,,,,,,
,,,,,,,,,,
,,,,,,,,,,
,,,,,,,,,,
,,,,,,,,,,
,,,,,,,,,,
,,,,,,,,,,
,,,,,,,,,,
,,,,,,,,,,
,,,,,,,,,,
,,,,,,,,,,
,,,,,,,,,,
,,,,,,,,,,
,,,,,,,,,,
,,,,,,,,,,
,,,,,,,,,,
,,,,,,,,,,
,,,,,,,,,,
,,,,,,,,,,
,,,,,,,,,,
,,,,,,,,,,
,,,,,,,,,,
,,,,,,,,,,
,,,,,,,,,,
,,,,,,,,,,
,,,,,,,,,,
,,,,,,,,,,
,,,,,,,,,,
,,,,,,,,,,
,,,,,,,,,,
,,,,,,,,,,
,,,,,,,,,,
,,,,,,,,,,
,,,,,,,,,,
,,,,,,,,,,
,,,,,,,,,,
,,,,,,,,,,
,,,,,,,,,,
,,,,,,,,,,
,,,,,,,,,,
,,,,,,,,,,
,,,,,,,,,,
,,,,,,,,,,
,,,,,,,,,,
,,,,,,,,,,
,,,,,,,,,,
,,,,,,,,,,
,,,,,,,,,,
,,,,,,,,,,
,,,,,,,,,,
,,,,,,,,,,
,,,,,,,,,,
,,,,,,,,,,
,,,,,,,,,,
,,,,,,,,,,
,,,,,,,,,,
,,,,,,,,,,
,,,,,,,,,,
,,,,,,,,,,
,,,,,,,,,,
,,,,,,,,,,
,,,,,,,,,,
,,,,,,,,,,
,,,,,,,,,,
,,,,,,,,,,
,,,,,,,,,,
,,,,,,,,,,
,,,,,,,,,,
,,,,,,,,,,
,,,,,,,,,,
,,,,,,,,,,
,,,,,,,,,,
,,,,,,,,,,
,,,,,,,,,,
,,,,,,,,,,
,,,,,,,,,,
,,,,,,,,,,
,,,,,,,,,,
,,,,,,,,,,
,,,,,,,,,,
,,,,,,,,,,
,,,,,,,,,,
,,,,,,,,,,
,,,,,,,,,,
,,,,,,,,,,
,,,,,,,,,,
,,,,,,,,,,
,,,,,,,,,,
,,,,,,,,,,
,,,,,,,,,,
,,,,,,,,,,
,,,,,,,,,,
,,,,,,,,,,
,,,,,,,,,,
,,,,,,,,,,
,,,,,,,,,,
,,,,,,,,,,
,,,,,,,,,,
,,,,,,,,,,
,,,,,,,,,,
,,,,,,,,,,
,,,,,,,,,,
,,,,,,,,,,
,,,,,,,,,,
,,,,,,,,,,
,,,,,,,,,,
,,,,,,,,,,
,,,,,,,,,,
,,,,,,,,,,
,,,,,,,,,,
,,,,,,,,,,
,,,,,,,,,,
,,,,,,,,,,
,,,,,,,,,,
,,,,,,,,,,
,,,,,,,,,,
,,,,,,,,,,
,,,,,,,,,,
,,,,,,,,,,
,,,,,,,,,,
,,,,,,,,,,
,,,,,,,,,,
,,,,,,,,,,
,,,,,,,,,,
,,,,,,,,,,
,,,,,,,,,,
,,,,,,,,,,
,,,,,,,,,,
,,,,,,,,,,
,,,,,,,,,,
,,,,,,,,,,
,,,,,,,,,,
,,,,,,,,,,
,,,,,,,,,,
,,,,,,,,,,
,,,,,,,,,,
,,,,,,,,,,
,,,,,,,,,,
,,,,,,,,,,
,,,,,,,,,,
,,,,,,,,,,
,,,,,,,,,,
,,,,,,,,,,
,,,,,,,,,,
,,,,,,,,,,
,,,,,,,,,,
,,,,,,,,,,
,,,,,,,,,,
,,,,,,,,,,
,,,,,,,,,,
,,,,,,,,,,
,,,,,,,,,,
,,,,,,,,,,
,,,,,,,,,,
,,,,,,,,,,
,,,,,,,,,,
,,,,,,,,,,
,,,,,,,,,,
,,,,,,,,,,
,,,,,,,,,,
,,,,,,,,,,
,,,,,,,,,,
,,,,,,,,,,
,,,,,,,,,,
,,,,,,,,,,
,,,,,,,,,,
,,,,,,,,,,
,,,,,,,,,,
,,,,,,,,,,
,,,,,,,,,,
,,,,,,,,,,
,,,,,,,,,,
,,,,,,,,,,
,,,,,,,,,,
,,,,,,,,,,
,,,,,,,,,,
,,,,,,,,,,
,,,,,,,,,,
,,,,,,,,,,
,,,,,,,,,,
,,,,,,,,,,
,,,,,,,,,,
,,,,,,,,,,
,,,,,,,,,,
,,,,,,,,,,
,,,,,,,,,,
,,,,,,,,,,
,,,,,,,,,,
,,,,,,,,,,
,,,,,,,,,,
,,,,,,,,,,
,,,,,,,,,,
,,,,,,,,,,
,,,,,,,,,,
,,,,,,,,,,
,,,,,,,,,,
,,,,,,,,,,
,,,,,,,,,,
,,,,,,,,,,
,,,,,,,,,,
,,,,,,,,,,
,,,,,,,,,,
,,,,,,,,,,
,,,,,,,,,,
,,,,,,,,,,
,,,,,,,,,,
,,,,,,,,,,
,,,,,,,,,,
,,,,,,,,,,
,,,,,,,,,,
,,,,,,,,,,
,,,,,,,,,,
,,,,,,,,,,
,,,,,,,,,,
,,,,,,,,,,
,,,,,,,,,,
,,,,,,,,,,
,,,,,,,,,,
,,,,,,,,,,
,,,,,,,,,,
,,,,,,,,,,
,,,,,,,,,,
,,,,,,,,,,
,,,,,,,,,,
,,,,,,,,,,
,,,,,,,,,,
,,,,,,,,,,
,,,,,,,,,,
,,,,,,,,,,
,,,,,,,,,,
,,,,,,,,,,
,,,,,,,,,,
,,,,,,,,,,
,,,,,,,,,,
,,,,,,,,,,
,,,,,,,,,,
,,,,,,,,,,
,,,,,,,,,,
,,,,,,,,,,
,,,,,,,,,,
,,,,,,,,,,
,,,,,,,,,,
,,,,,,,,,,
,,,,,,,,,,
,,,,,,,,,,
,,,,,,,,,,
,,,,,,,,,,
,,,,,,,,,,
,,,,,,,,,,
,,,,,,,,,,
,,,,,,,,,,
,,,,,,,,,,
,,,,,,,,,,
,,,,,,,,,,
,,,,,,,,,,
,,,,,,,,,,
,,,,,,,,,,
,,,,,,,,,,
,,,,,,,,,,
,,,,,,,,,,
,,,,,,,,,,
,,,,,,,,,,
,,,,,,,,,,
,,,,,,,,,,
,,,,,,,,,,
,,,,,,,,,,
,,,,,,,,,,
,,,,,,,,,,
,,,,,,,,,,
,,,,,,,,,,
,,,,,,,,,,
,,,,,,,,,,
,,,,,,,,,,
,,,,,,,,,,
,,,,,,,,,,
,,,,,,,,,,
,,,,,,,,,,
,,,,,,,,,,
,,,,,,,,,,
,,,,,,,,,,
,,,,,,,,,,
,,,,,,,,,,
,,,,,,,,,,
,,,,,,,,,,
,,,,,,,,,,
,,,,,,,,,,
,,,,,,,,,,
,,,,,,,,,,
,,,,,,,,,,
,,,,,,,,,,
,,,,,,,,,,
,,,,,,,,,,
,,,,,,,,,,
,,,,,,,,,,
,,,,,,,,,,
,,,,,,,,,,
,,,,,,,,,,
,,,,,,,,,,
,,,,,,,,,,
,,,,,,,,,,
,,,,,,,,,,
,,,,,,,,,,
,,,,,,,,,,
,,,,,,,,,,
,,,,,,,,,,
,,,,,,,,,,
,,,,,,,,,,
,,,,,,,,,,
,,,,,,,,,,
,,,,,,,,,,
,,,,,,,,,,
,,,,,,,,,,
,,,,,,,,,,
,,,,,,,,,,
,,,,,,,,,,
,,,,,,,,,,
,,,,,,,,,,
,,,,,,,,,,
,,,,,,,,,,
,,,,,,,,,,
,,,,,,,,,,
,,,,,,,,,,
,,,,,,,,,,
,,,,,,,,,,
,,,,,,,,,,
,,,,,,,,,,
,,,,,,,,,,
,,,,,,,,,,
,,,,,,,,,,
,,,,,,,,,,
,,,,,,,,,,
,,,,,,,,,,
,,,,,,,,,,
,,,,,,,,,,
,,,,,,,,,,
,,,,,,,,,,
,,,,,,,,,,
,,,,,,,,,,
,,,,,,,,,,
,,,,,,,,,,
,,,,,,,,,,
,,,,,,,,,,
,,,,,,,,,,
,,,,,,,,,,
,,,,,,,,,,
,,,,,,,,,,
,,,,,,,,,,
,,,,,,,,,,
,,,,,,,,,,
,,,,,,,,,,
,,,,,,,,,,
,,,,,,,,,,
,,,,,,,,,,
,,,,,,,,,,
,,,,,,,,,,
,,,,,,,,,,
,,,,,,,,,,
,,,,,,,,,,
,,,,,,,,,,
,,,,,,,,,,
,,,,,,,,,,
,,,,,,,,,,
,,,,,,,,,,
,,,,,,,,,,
,,,,,,,,,,
,,,,,,,,,,
,,,,,,,,,,
,,,,,,,,,,
,,,,,,,,,,
,,,,,,,,,,
,,,,,,,,,,
,,,,,,,,,,
,,,,,,,,,,
,,,,,,,,,,
,,,,,,,,,,
,,,,,,,,,,
,,,,,,,,,,
,,,,,,,,,,
,,,,,,,,,,
,,,,,,,,,,
,,,,,,,,,,
,,,,,,,,,,
,,,,,,,,,,
,,,,,,,,,,
,,,,,,,,,,
,,,,,,,,,,
,,,,,,,,,,
,,,,,,,,,,
,,,,,,,,,,
,,,,,,,,,,
,,,,,,,,,,
,,,,,,,,,,
,,,,,,,,,,
,,,,,,,,,,
,,,,,,,,,,
,,,,,,,,,,
,,,,,,,,,,
,,,,,,,,,,
,,,,,,,,,,
,,,,,,,,,,
,,,,,,,,,,
,,,,,,,,,,
,,,,,,,,,,
,,,,,,,,,,
,,,,,,,,,,
,,,,,,,,,,
,,,,,,,,,,
,,,,,,,,,,
,,,,,,,,,,
,,,,,,,,,,
,,,,,,,,,,
,,,,,,,,,,
,,,,,,,,,,
,,,,,,,,,,
,,,,,,,,,,
,,,,,,,,,,
,,,,,,,,,,
,,,,,,,,,,
,,,,,,,,,,
,,,,,,,,,,
,,,,,,,,,,
,,,,,,,,,,
,,,,,,,,,,
,,,,,,,,,,
,,,,,,,,,,
,,,,,,,,,,
,,,,,,,,,,
,,,,,,,,,,
,,,,,,,,,,
,,,,,,,,,,
,,,,,,,,,,
,,,,,,,,,,
,,,,,,,,,,
,,,,,,,,,,
,,,,,,,,,,
,,,,,,,,,,
,,,,,,,,,,
,,,,,,,,,,
,,,,,,,,,,
,,,,,,,,,,
,,,,,,,,,,
,,,,,,,,,,
,,,,,,,,,,
,,,,,,,,,,
,,,,,,,,,,
,,,,,,,,,,
,,,,,,,,,,
,,,,,,,,,,
,,,,,,,,,,
,,,,,,,,,,
,,,,,,,,,,
,,,,,,,,,,
,,,,,,,,,,
,,,,,,,,,,
,,,,,,,,,,
,,,,,,,,,,
,,,,,,,,,,
,,,,,,,,,,
,,,,,,,,,,
,,,,,,,,,,
,,,,,,,,,,
,,,,,,,,,,
,,,,,,,,,,
,,,,,,,,,,
,,,,,,,,,,
,,,,,,,,,,
,,,,,,,,,,
,,,,,,,,,,
,,,,,,,,,,
,,,,,,,,,,
,,,,,,,,,,
,,,,,,,,,,
,,,,,,,,,,
,,,,,,,,,,
,,,,,,,,,,
,,,,,,,,,,
,,,,,,,,,,
,,,,,,,,,,
,,,,,,,,,,
,,,,,,,,,,
,,,,,,,,,,
,,,,,,,,,,
,,,,,,,,,,
,,,,,,,,,,
,,,,,,,,,,
,,,,,,,,,,
,,,,,,,,,,
,,,,,,,,,,
,,,,,,,,,,
,,,,,,,,,,
,,,,,,,,,,
,,,,,,,,,,
,,,,,,,,,,
,,,,,,,,,,
,,,,,,,,,,
,,,,,,,,,,
,,,,,,,,,,
,,,,,,,,,,
,,,,,,,,,,
,,,,,,,,,,
,,,,,,,,,,
,,,,,,,,,,
,,,,,,,,,,
,,,,,,,,,,
,,,,,,,,,,
,,,,,,,,,,
,,,,,,,,,,
,,,,,,,,,,
,,,,,,,,,,
,,,,,,,,,,
,,,,,,,,,,
,,,,,,,,,,
,,,,,,,,,,
,,,,,,,,,,
,,,,,,,,,,
,,,,,,,,,,
,,,,,,,,,,
,,,,,,,,,,
,,,,,,,,,,
,,,,,,,,,,
,,,,,,,,,,
,,,,,,,,,,
,,,,,,,,,,
,,,,,,,,,,
,,,,,,,,,,
,,,,,,,,,,
,,,,,,,,,,
,,,,,,,,,,
,,,,,,,,,,
,,,,,,,,,,
,,,,,,,,,,
,,,,,,,,,,
,,,,,,,,,,
,,,,,,,,,,
,,,,,,,,,,
,,,,,,,,,,
,,,,,,,,,,
,,,,,,,,,,
,,,,,,,,,,
,,,,,,,,,,
,,,,,,,,,,
,,,,,,,,,,
,,,,,,,,,,
,,,,,,,,,,
,,,,,,,,,,
,,,,,,,,,,
,,,,,,,,,,
,,,,,,,,,,
,,,,,,,,,,
,,,,,,,,,,
,,,,,,,,,,
,,,,,,,,,,
,,,,,,,,,,
,,,,,,,,,,
,,,,,,,,,,
,,,,,,,,,,
,,,,,,,,,,
,,,,,,,,,,
,,,,,,,,,,
,,,,,,,,,,
,,,,,,,,,,
,,,,,,,,,,
,,,,,,,,,,
,,,,,,,,,,
,,,,,,,,,,
,,,,,,,,,,
,,,,,,,,,,
,,,,,,,,,,
,,,,,,,,,,
,,,,,,,,,,
,,,,,,,,,,
,,,,,,,,,,
,,,,,,,,,,
,,,,,,,,,,
,,,,,,,,,,
,,,,,,,,,,
,,,,,,,,,,
,,,,,,,,,,
,,,,,,,,,,
,,,,,,,,,,
,,,,,,,,,,
,,,,,,,,,,
,,,,,,,,,,
,,,,,,,,,,
,,,,,,,,,,
,,,,,,,,,,
,,,,,,,,,,
,,,,,,,,,,
,,,,,,,,,,
,,,,,,,,,,
,,,,,,,,,,
,,,,,,,,,,
,,,,,,,,,,
,,,,,,,,,,
,,,,,,,,,,
,,,,,,,,,,
,,,,,,,,,,
,,,,,,,,,,
,,,,,,,,,,
,,,,,,,,,,
,,,,,,,,,,
,,,,,,,,,,
,,,,,,,,,,
,,,,,,,,,,
,,,,,,,,,,
,,,,,,,,,,
,,,,,,,,,,
,,,,,,,,,,
,,,,,,,,,,
,,,,,,,,,,
,,,,,,,,,,
,,,,,,,,,,
,,,,,,,,,,
,,,,,,,,,,
,,,,,,,,,,
,,,,,,,,,,
,,,,,,,,,,
,,,,,,,,,,
,,,,,,,,,,
,,,,,,,,,,
,,,,,,,,,,
,,,,,,,,,,
,,,,,,,,,,
,,,,,,,,,,
,,,,,,,,,,
,,,,,,,,,,
,,,,,,,,,,
,,,,,,,,,,
,,,,,,,,,,
,,,,,,,,,,
,,,,,,,,,,
,,,,,,,,,,
,,,,,,,,,,
,,,,,,,,,,
,,,,,,,,,,
,,,,,,,,,,
,,,,,,,,,,
,,,,,,,,,,
,,,,,,,,,,
,,,,,,,,,,
,,,,,,,,,,
,,,,,,,,,,
,,,,,,,,,,
,,,,,,,,,,
,,,,,,,,,,
,,,,,,,,,,
,,,,,,,,,,
,,,,,,,,,,
,,,,,,,,,,
,,,,,,,,,,
,,,,,,,,,,
,,,,,,,,,,
,,,,,,,,,,
,,,,,,,,,,
,,,,,,,,,,
,,,,,,,,,,
,,,,,,,,,,
,,,,,,,,,,
,,,,,,,,,,
,,,,,,,,,,
,,,,,,,,,,
,,,,,,,,,,
,,,,,,,,,,
,,,,,,,,,,
,,,,,,,,,,
,,,,,,,,,,
,,,,,,,,,,
,,,,,,,,,,
,,,,,,,,,,
,,,,,,,,,,
,,,,,,,,,,
,,,,,,,,,,
,,,,,,,,,,
,,,,,,,,,,
,,,,,,,,,,
,,,,,,,,,,
,,,,,,,,,,
,,,,,,,,,,
,,,,,,,,,,
,,,,,,,,,,
,,,,,,,,,,
,,,,,,,,,,
,,,,,,,,,,
,,,,,,,,,,
,,,,,,,,,,
,,,,,,,,,,
,,,,,,,,,,
,,,,,,,,,,
,,,,,,,,,,
,,,,,,,,,,
,,,,,,,,,,
,,,,,,,,,,
,,,,,,,,,,
,,,,,,,,,,
,,,,,,,,,,
,,,,,,,,,,
,,,,,,,,,,
,,,,,,,,,,
,,,,,,,,,,
,,,,,,,,,,
,,,,,,,,,,
,,,,,,,,,,
,,,,,,,,,,
,,,,,,,,,,
,,,,,,,,,,
,,,,,,,,,,
,,,,,,,,,,
,,,,,,,,,,
,,,,,,,,,,
,,,,,,,,,,
,,,,,,,,,,
,,,,,,,,,,
,,,,,,,,,,
,,,,,,,,,,
,,,,,,,,,,
,,,,,,,,,,
,,,,,,,,,,
,,,,,,,,,,
,,,,,,,,,,
,,,,,,,,,,
,,,,,,,,,,
,,,,,,,,,,
,,,,,,,,,,
,,,,,,,,,,
,,,,,,,,,,
,,,,,,,,,,
,,,,,,,,,,
,,,,,,,,,,
,,,,,,,,,,
,,,,,,,,,,
,,,,,,,,,,
,,,,,,,,,,
,,,,,,,,,,
,,,,,,,,,,
,,,,,,,,,,
,,,,,,,,,,
,,,,,,,,,,
,,,,,,,,,,
,,,,,,,,,,
,,,,,,,,,,
,,,,,,,,,,
,,,,,,,,,,
,,,,,,,,,,
,,,,,,,,,,
,,,,,,,,,,
,,,,,,,,,,
,,,,,,,,,,
,,,,,,,,,,
,,,,,,,,,,
,,,,,,,,,,
,,,,,,,,,,
,,,,,,,,,,
,,,,,,,,,,
,,,,,,,,,,
,,,,,,,,,,
,,,,,,,,,,
,,,,,,,,,,
,,,,,,,,,,
,,,,,,,,,,
,,,,,,,,,,
,,,,,,,,,,
,,,,,,,,,,
,,,,,,,,,,
,,,,,,,,,,
,,,,,,,,,,
,,,,,,,,,,
,,,,,,,,,,
,,,,,,,,,,
,,,,,,,,,,
,,,,,,,,,,
,,,,,,,,,,
,,,,,,,,,,
,,,,,,,,,,
,,,,,,,,,,
,,,,,,,,,,
,,,,,,,,,,
,,,,,,,,,,
,,,,,,,,,,
,,,,,,,,,,
,,,,,,,,,,
,,,,,,,,,,
,,,,,,,,,,
,,,,,,,,,,
,,,,,,,,,,
,,,,,,,,,,
,,,,,,,,,,
,,,,,,,,,,
,,,,,,,,,,
,,,,,,,,,,
,,,,,,,,,,
,,,,,,,,,,
,,,,,,,,,,
,,,,,,,,,,
,,,,,,,,,,
,,,,,,,,,,
,,,,,,,,,,
,,,,,,,,,,
,,,,,,,,,,
,,,,,,,,,,
,,,,,,,,,,
,,,,,,,,,,
,,,,,,,,,,
,,,,,,,,,,
,,,,,,,,,,
,,,,,,,,,,
,,,,,,,,,,
,,,,,,,,,,
,,,,,,,,,,
,,,,,,,,,,
,,,,,,,,,,
,,,,,,,,,,
,,,,,,,,,,
,,,,,,,,,,
,,,,,,,,,,
,,,,,,,,,,
,,,,,,,,,,
,,,,,,,,,,
,,,,,,,,,,
,,,,,,,,,,
,,,,,,,,,,
,,,,,,,,,,
,,,,,,,,,,
,,,,,,,,,,
,,,,,,,,,,
,,,,,,,,,,
,,,,,,,,,,
,,,,,,,,,,
,,,,,,,,,,
,,,,,,,,,,
,,,,,,,,,,
,,,,,,,,,,
,,,,,,,,,,
,,,,,,,,,,
,,,,,,,,,,
,,,,,,,,,,
,,,,,,,,,,
,,,,,,,,,,
,,,,,,,,,,
,,,,,,,,,,
,,,,,,,,,,
,,,,,,,,,,
,,,,,,,,,,
,,,,,,,,,,
,,,,,,,,,,
,,,,,,,,,,
,,,,,,,,,,
,,,,,,,,,,
,,,,,,,,,,
,,,,,,,,,,
,,,,,,,,,,
,,,,,,,,,,
,,,,,,,,,,
,,,,,,,,,,
,,,,,,,,,,
,,,,,,,,,,
,,,,,,,,,,
,,,,,,,,,,
,,,,,,,,,,
,,,,,,,,,,
,,,,,,,,,,
,,,,,,,,,,
,,,,,,,,,,
,,,,,,,,,,
,,,,,,,,,,
,,,,,,,,,,
,,,,,,,,,,
,,,,,,,,,,
,,,,,,,,,,
,,,,,,,,,,
,,,,,,,,,,
,,,,,,,,,,
,,,,,,,,,,
,,,,,,,,,,
,,,,,,,,,,
,,,,,,,,,,
,,,,,,,,,,
,,,,,,,,,,
,,,,,,,,,,
,,,,,,,,,,
,,,,,,,,,,
,,,,,,,,,,
,,,,,,,,,,
,,,,,,,,,,
,,,,,,,,,,
,,,,,,,,,,
,,,,,,,,,,
,,,,,,,,,,
,,,,,,,,,,
,,,,,,,,,,
,,,,,,,,,,
,,,,,,,,,,
,,,,,,,,,,
,,,,,,,,,,
,,,,,,,,,,
,,,,,,,,,,
,,,,,,,,,,
,,,,,,,,,,
,,,,,,,,,,
,,,,,,,,,,
,,,,,,,,,,
,,,,,,,,,,
,,,,,,,,,,
,,,,,,,,,,
,,,,,,,,,,
,,,,,,,,,,
,,,,,,,,,,
,,,,,,,,,,
,,,,,,,,,,
,,,,,,,,,,
,,,,,,,,,,
,,,,,,,,,,
,,,,,,,,,,
,,,,,,,,,,
,,,,,,,,,,
,,,,,,,,,,
,,,,,,,,,,
,,,,,,,,,,
,,,,,,,,,,
,,,,,,,,,,
,,,,,,,,,,
,,,,,,,,,,
,,,,,,,,,,
,,,,,,,,,,
,,,,,,,,,,
,,,,,,,,,,
,,,,,,,,,,
,,,,,,,,,,
,,,,,,,,,,
,,,,,,,,,,
,,,,,,,,,,
,,,,,,,,,,
,,,,,,,,,,
,,,,,,,,,,
,,,,,,,,,,
,,,,,,,,,,
